{"properties": [
  {
    "name": "spring.datasource1.driver-class-name",
    "type": "java.lang.String",
    "description": "A description for 'spring.datasource1.driver-class-name'"
  },
  {
    "name": "spring.datasource1.url",
    "type": "java.lang.String",
    "description": "A description for 'spring.datasource1.url'"
  },
  {
    "name": "spring.datasource1.username",
    "type": "java.lang.String",
    "description": "A description for 'spring.datasource1.username'"
  },
  {
    "name": "spring.datasource1.password",
    "type": "java.lang.String",
    "description": "A description for 'spring.datasource1.password'"
  },
  {
    "name": "spring.datasource2.driver-class-name",
    "type": "java.lang.String",
    "description": "A description for 'spring.datasource2.driver-class-name'"
  },
  {
    "name": "spring.datasource2.url",
    "type": "java.lang.String",
    "description": "A description for 'spring.datasource2.url'"
  },
  {
    "name": "spring.datasource2.username",
    "type": "java.lang.String",
    "description": "A description for 'spring.datasource2.username'"
  },
  {
    "name": "spring.datasource2.password",
    "type": "java.lang.String",
    "description": "A description for 'spring.datasource2.password'"
  }
]}